{"IcoMoonType":"selection","icons":[{"icon":{"paths":["M621.668 653.668c-44.476 31.692-98.895 50.332-157.668 50.332-150.221 0-272-121.779-272-272s121.779-272 272-272c150.221 0 272 121.779 272 272 0 75.111-30.445 143.111-79.667 192.333l191.916 191.916c8.802 8.802 8.588 22.915-0.249 31.751-8.898 8.898-23.052 8.948-31.751 0.249l-194.581-194.581zM464 672c132.548 0 240-107.452 240-240s-107.452-240-240-240c-132.548 0-240 107.452-240 240s107.452 240 240 240v0z"],"attrs":[{}],"isMulticolor":false,"isMulticolor2":false,"tags":["search"],"grid":32},"attrs":[{}],"properties":{"order":1,"id":0,"prevSize":32,"code":59648,"name":"search"},"setIdx":0,"setId":0,"iconIdx":0}],"height":1024,"metadata":{"name":"icomoon"},"preferences":{"showGlyphs":true,"showCodes":true,"showQuickUse":true,"showQuickUse2":true,"showSVGs":true,"fontPref":{"prefix":"icon-","metadata":{"fontFamily":"icomoon"},"metrics":{"emSize":1024,"baseline":6.25,"whitespace":50},"embed":false},"imagePref":{"prefix":"icon-","png":true,"useClassSelector":true,"color":0,"bgColor":16777215},"historySize":50}}